product_key,product_id,product_name,category,brand,supplier_id
1,P00001,The Beaut,Beauty,Maybelline,S035
2,P00002,Available Home Appliance,Home Appliances,Bosch,S091
3,P00003,How Electronic,Electronics,Apple,S003
4,P00004,Almost Beaut,Beauty,MAC,S047
5,P00005,Modern Beaut,Beauty,Maybelline,S085
6,P00006,His Clothin,Clothing,Zara,S024
7,P00007,Day Furnitur,Furniture,Ashley,S069
8,P00008,Same Electronic,Electronics,Apple,S096
9,P00009,Common Clothin,Clothing,Uniqlo,S013
10,P00010,Identify Home Appliance,Home Appliances,Bosch,S093
11,P00011,Growth Home Appliance,Home Appliances,Bosch,S003
12,P00012,Environment Furnitur,Furniture,Herman Miller,S084
13,P00013,Alone Beaut,Beauty,MAC,S050
14,P00014,Hospital Clothin,Clothing,Adidas,S085
15,P00015,Town Clothin,Clothing,Adidas,S095
16,P00016,He Electronic,Electronics,Apple,S010
17,P00017,Member Clothin,Clothing,Zara,S062
18,P00018,Create Electronic,Electronics,Apple,S009
19,P00019,Him Clothin,Clothing,Adidas,S037
20,P00020,Personal Electronic,Electronics,Sony,S025
21,P00021,Those Furnitur,Furniture,Ashley,S098
22,P00022,Skill Beaut,Beauty,Dove,S028
23,P00023,Congress Home Appliance,Home Appliances,KitchenAid,S058
24,P00024,Try Electronic,Electronics,LG,S025
25,P00025,Plan Electronic,Electronics,Sony,S037
26,P00026,Answer Electronic,Electronics,Sony,S029
27,P00027,Break Clothin,Clothing,Uniqlo,S016
28,P00028,Total Clothin,Clothing,H&M,S005
29,P00029,Key Furnitur,Furniture,Herman Miller,S060
30,P00030,Section Electronic,Electronics,Panasonic,S003
31,P00031,Beautiful Clothin,Clothing,H&M,S076
32,P00032,Your Beaut,Beauty,Sephora,S011
33,P00033,Worry Home Appliance,Home Appliances,GE,S097
34,P00034,Make Electronic,Electronics,LG,S089
35,P00035,Task Furnitur,Furniture,Wayfair,S094
36,P00036,Task Furnitur,Furniture,Herman Miller,S045
37,P00037,Often Beaut,Beauty,MAC,S038
38,P00038,But Furnitur,Furniture,Wayfair,S052
39,P00039,Necessary Home Appliance,Home Appliances,Philips,S014
40,P00040,Maintain Beaut,Beauty,Dove,S006
41,P00041,Cold Electronic,Electronics,Panasonic,S063
42,P00042,Own Home Appliance,Home Appliances,KitchenAid,S067
43,P00043,Visit Beaut,Beauty,L'Oreal,S095
44,P00044,Strong Home Appliance,Home Appliances,Philips,S023
45,P00045,Half Beaut,Beauty,L'Oreal,S088
46,P00046,Analysis Home Appliance,Home Appliances,Philips,S020
47,P00047,Loss Clothin,Clothing,Adidas,S043
48,P00048,Network Furnitur,Furniture,Wayfair,S018
49,P00049,Center Home Appliance,Home Appliances,GE,S008
50,P00050,Similar Electronic,Electronics,LG,S075
51,P00051,Return Beaut,Beauty,MAC,S045
52,P00052,Structure Furnitur,Furniture,Herman Miller,S080
53,P00053,Measure Electronic,Electronics,Sony,S023
54,P00054,Social Furnitur,Furniture,Herman Miller,S060
55,P00055,Of Clothin,Clothing,Adidas,S065
56,P00056,Professional Furnitur,Furniture,Wayfair,S034
57,P00057,Clearly Home Appliance,Home Appliances,Philips,S092
58,P00058,Lay Clothin,Clothing,H&M,S039
59,P00059,Treatment Home Appliance,Home Appliances,Philips,S096
60,P00060,Find Home Appliance,Home Appliances,Bosch,S098
61,P00061,Career Electronic,Electronics,Samsung,S087
62,P00062,Top Furnitur,Furniture,Ashley,S060
63,P00063,Let Beaut,Beauty,Maybelline,S085
64,P00064,Effort Furnitur,Furniture,Ikea,S091
65,P00065,Suddenly Beaut,Beauty,Sephora,S053
66,P00066,Cut Electronic,Electronics,Samsung,S060
67,P00067,It Home Appliance,Home Appliances,KitchenAid,S013
68,P00068,Difference Furnitur,Furniture,Herman Miller,S063
69,P00069,Late Home Appliance,Home Appliances,KitchenAid,S007
70,P00070,Professor Beaut,Beauty,Sephora,S075
71,P00071,Career Home Appliance,Home Appliances,GE,S072
72,P00072,Hear Furnitur,Furniture,Ashley,S052
73,P00073,During Home Appliance,Home Appliances,Philips,S077
74,P00074,While Furnitur,Furniture,Wayfair,S079
75,P00075,Mission Clothin,Clothing,Zara,S085
76,P00076,Mean Furnitur,Furniture,Ashley,S048
77,P00077,Five Electronic,Electronics,Panasonic,S078
78,P00078,Man Furnitur,Furniture,Ikea,S060
79,P00079,Choose Beaut,Beauty,MAC,S047
80,P00080,Might Beaut,Beauty,Maybelline,S008
81,P00081,Wide Furnitur,Furniture,Wayfair,S092
82,P00082,Such Home Appliance,Home Appliances,Whirlpool,S049
83,P00083,Idea Electronic,Electronics,Apple,S012
84,P00084,Town Beaut,Beauty,MAC,S060
85,P00085,Office Home Appliance,Home Appliances,Philips,S014
86,P00086,Speech Beaut,Beauty,L'Oreal,S029
87,P00087,Leave Home Appliance,Home Appliances,Bosch,S045
88,P00088,Social Furnitur,Furniture,Steelcase,S078
89,P00089,Doctor Electronic,Electronics,Apple,S043
90,P00090,Painting Clothin,Clothing,H&M,S094
91,P00091,Crime Electronic,Electronics,Apple,S076
92,P00092,Other Furnitur,Furniture,Ikea,S006
93,P00093,Night Clothin,Clothing,Adidas,S075
94,P00094,Same Electronic,Electronics,Sony,S064
95,P00095,To Clothin,Clothing,Zara,S093
96,P00096,Common Beaut,Beauty,Dove,S039
97,P00097,Its Clothin,Clothing,Adidas,S084
98,P00098,Black Home Appliance,Home Appliances,GE,S074
99,P00099,American Furnitur,Furniture,Wayfair,S095
100,P00100,Heavy Furnitur,Furniture,Herman Miller,S030
101,P00101,Staff Furnitur,Furniture,Ashley,S091
102,P00102,Player Electronic,Electronics,Apple,S039
103,P00103,Fast Home Appliance,Home Appliances,Whirlpool,S076
104,P00104,Time Beaut,Beauty,Sephora,S035
105,P00105,Half Home Appliance,Home Appliances,KitchenAid,S006
106,P00106,Tend Clothin,Clothing,Adidas,S041
107,P00107,Out Home Appliance,Home Appliances,Bosch,S086
108,P00108,Together Electronic,Electronics,Apple,S100
109,P00109,Civil Clothin,Clothing,Uniqlo,S065
110,P00110,Responsibility Electronic,Electronics,Panasonic,S100
111,P00111,Effort Furnitur,Furniture,Herman Miller,S045
112,P00112,Must Furnitur,Furniture,Ashley,S044
113,P00113,Already Clothin,Clothing,Adidas,S015
114,P00114,Personal Clothin,Clothing,Adidas,S012
115,P00115,Region Electronic,Electronics,Sony,S083
116,P00116,Real Beaut,Beauty,Maybelline,S045
117,P00117,Home Beaut,Beauty,L'Oreal,S096
118,P00118,Civil Electronic,Electronics,Sony,S083
119,P00119,Market Clothin,Clothing,Adidas,S089
120,P00120,Tend Clothin,Clothing,Adidas,S041
121,P00121,Military Beaut,Beauty,Maybelline,S021
122,P00122,Stuff Furnitur,Furniture,Ikea,S086
123,P00123,Especially Electronic,Electronics,Panasonic,S029
124,P00124,Few Electronic,Electronics,Apple,S090
125,P00125,Play Clothin,Clothing,Uniqlo,S045
126,P00126,Organization Electronic,Electronics,Samsung,S075
127,P00127,Nor Home Appliance,Home Appliances,Philips,S016
128,P00128,Staff Electronic,Electronics,LG,S072
129,P00129,Rich Electronic,Electronics,Sony,S022
130,P00130,Have Beaut,Beauty,MAC,S084
131,P00131,Worker Clothin,Clothing,H&M,S056
132,P00132,Sense Clothin,Clothing,Zara,S012
133,P00133,Huge Electronic,Electronics,LG,S003
134,P00134,Analysis Electronic,Electronics,Samsung,S001
135,P00135,Rate Furnitur,Furniture,Ikea,S071
136,P00136,Admit Beaut,Beauty,Sephora,S015
137,P00137,About Furnitur,Furniture,Ashley,S028
138,P00138,Choice Electronic,Electronics,Apple,S023
139,P00139,Community Home Appliance,Home Appliances,Philips,S041
140,P00140,Resource Beaut,Beauty,L'Oreal,S049
141,P00141,Institution Electronic,Electronics,Sony,S027
142,P00142,Catch Beaut,Beauty,MAC,S005
143,P00143,President Home Appliance,Home Appliances,GE,S007
144,P00144,Personal Furnitur,Furniture,Ikea,S033
145,P00145,Second Clothin,Clothing,Zara,S096
146,P00146,Environment Beaut,Beauty,Dove,S094
147,P00147,Lose Home Appliance,Home Appliances,GE,S037
148,P00148,Happy Beaut,Beauty,L'Oreal,S076
149,P00149,Long Clothin,Clothing,Adidas,S064
150,P00150,Term Home Appliance,Home Appliances,Bosch,S010
151,P00151,Majority Clothin,Clothing,Nike,S030
152,P00152,Soldier Clothin,Clothing,Adidas,S027
153,P00153,Republican Home Appliance,Home Appliances,GE,S096
154,P00154,Charge Beaut,Beauty,Maybelline,S057
155,P00155,Suffer Beaut,Beauty,L'Oreal,S024
156,P00156,Eight Electronic,Electronics,Panasonic,S094
157,P00157,Risk Home Appliance,Home Appliances,Philips,S006
158,P00158,Civil Furnitur,Furniture,Ashley,S090
159,P00159,Relate Beaut,Beauty,Dove,S089
160,P00160,This Clothin,Clothing,Adidas,S005
161,P00161,Ok Electronic,Electronics,Apple,S075
162,P00162,Type Clothin,Clothing,Zara,S073
163,P00163,Civil Furnitur,Furniture,Ashley,S027
164,P00164,Relationship Beaut,Beauty,Maybelline,S034
165,P00165,Author Beaut,Beauty,Dove,S018
166,P00166,Recognize Beaut,Beauty,Maybelline,S097
167,P00167,Exist Home Appliance,Home Appliances,Philips,S052
168,P00168,Mother Home Appliance,Home Appliances,Whirlpool,S012
169,P00169,Second Electronic,Electronics,Apple,S077
170,P00170,Success Clothin,Clothing,H&M,S064
171,P00171,Movement Electronic,Electronics,Apple,S061
172,P00172,Grow Beaut,Beauty,Maybelline,S087
173,P00173,Lot Furnitur,Furniture,Steelcase,S001
174,P00174,Late Beaut,Beauty,Dove,S053
175,P00175,And Electronic,Electronics,Apple,S075
176,P00176,Everybody Beaut,Beauty,Sephora,S062
177,P00177,Pay Beaut,Beauty,Maybelline,S017
178,P00178,More Furnitur,Furniture,Steelcase,S084
179,P00179,Admit Beaut,Beauty,MAC,S040
180,P00180,Young Clothin,Clothing,Nike,S062
181,P00181,Blue Home Appliance,Home Appliances,Bosch,S044
182,P00182,Mean Electronic,Electronics,Panasonic,S056
183,P00183,Seem Furnitur,Furniture,Herman Miller,S063
184,P00184,Over Beaut,Beauty,MAC,S015
185,P00185,Feel Electronic,Electronics,Apple,S062
186,P00186,Medical Clothin,Clothing,Nike,S062
187,P00187,Recent Clothin,Clothing,Adidas,S062
188,P00188,Those Clothin,Clothing,Adidas,S060
189,P00189,Oil Electronic,Electronics,LG,S016
190,P00190,City Furnitur,Furniture,Ikea,S074
191,P00191,Above Beaut,Beauty,Maybelline,S035
192,P00192,Citizen Home Appliance,Home Appliances,KitchenAid,S012
193,P00193,Condition Electronic,Electronics,LG,S066
194,P00194,Generation Electronic,Electronics,Sony,S056
195,P00195,Member Clothin,Clothing,Uniqlo,S037
196,P00196,Control Furnitur,Furniture,Ikea,S048
197,P00197,Three Clothin,Clothing,H&M,S051
198,P00198,Soon Electronic,Electronics,Sony,S032
199,P00199,Never Electronic,Electronics,Samsung,S061
200,P00200,Anyone Beaut,Beauty,L'Oreal,S070
201,P00201,Last Electronic,Electronics,Panasonic,S047
202,P00202,Mouth Beaut,Beauty,Maybelline,S090
203,P00203,Listen Clothin,Clothing,Nike,S047
204,P00204,Rather Furnitur,Furniture,Ikea,S083
205,P00205,Avoid Electronic,Electronics,Apple,S097
206,P00206,Through Electronic,Electronics,Samsung,S080
207,P00207,Push Clothin,Clothing,Uniqlo,S049
208,P00208,Could Clothin,Clothing,Uniqlo,S025
209,P00209,Sister Clothin,Clothing,Uniqlo,S087
210,P00210,Again Home Appliance,Home Appliances,GE,S075
211,P00211,Course Furnitur,Furniture,Wayfair,S031
212,P00212,Thank Beaut,Beauty,Maybelline,S058
213,P00213,Rest Beaut,Beauty,L'Oreal,S082
214,P00214,Newspaper Clothin,Clothing,Zara,S060
215,P00215,Cultural Beaut,Beauty,MAC,S073
216,P00216,Step Home Appliance,Home Appliances,Whirlpool,S036
217,P00217,Specific Home Appliance,Home Appliances,Whirlpool,S037
218,P00218,According Clothin,Clothing,H&M,S076
219,P00219,Bad Electronic,Electronics,LG,S074
220,P00220,Far Home Appliance,Home Appliances,KitchenAid,S024
221,P00221,Available Home Appliance,Home Appliances,GE,S034
222,P00222,Class Electronic,Electronics,LG,S031
223,P00223,Government Home Appliance,Home Appliances,Bosch,S029
224,P00224,Consider Electronic,Electronics,Panasonic,S074
225,P00225,Season Beaut,Beauty,Sephora,S097
226,P00226,There Electronic,Electronics,Samsung,S073
227,P00227,Behavior Home Appliance,Home Appliances,Philips,S071
228,P00228,Inside Home Appliance,Home Appliances,Bosch,S015
229,P00229,Let Beaut,Beauty,Sephora,S052
230,P00230,Front Clothin,Clothing,Zara,S042
231,P00231,Couple Clothin,Clothing,Adidas,S025
232,P00232,Eat Furnitur,Furniture,Steelcase,S032
233,P00233,Determine Clothin,Clothing,Nike,S099
234,P00234,News Electronic,Electronics,LG,S049
235,P00235,Seem Electronic,Electronics,Apple,S097
236,P00236,Fire Home Appliance,Home Appliances,Whirlpool,S064
237,P00237,Structure Clothin,Clothing,Adidas,S064
238,P00238,Third Electronic,Electronics,Samsung,S002
239,P00239,List Clothin,Clothing,H&M,S050
240,P00240,Remain Electronic,Electronics,Sony,S082
241,P00241,Degree Electronic,Electronics,Samsung,S087
242,P00242,Computer Home Appliance,Home Appliances,KitchenAid,S064
243,P00243,Must Clothin,Clothing,Nike,S097
244,P00244,Under Furnitur,Furniture,Ikea,S074
245,P00245,Decide Furnitur,Furniture,Steelcase,S073
246,P00246,Benefit Furnitur,Furniture,Ashley,S004
247,P00247,Direction Furnitur,Furniture,Ashley,S016
248,P00248,Assume Home Appliance,Home Appliances,Whirlpool,S046
249,P00249,Stuff Clothin,Clothing,Uniqlo,S053
250,P00250,Stand Electronic,Electronics,Apple,S046
251,P00251,Anyone Furnitur,Furniture,Ashley,S040
252,P00252,Condition Furnitur,Furniture,Wayfair,S088
253,P00253,Happy Home Appliance,Home Appliances,KitchenAid,S089
254,P00254,Notice Beaut,Beauty,Dove,S002
255,P00255,Tend Home Appliance,Home Appliances,Bosch,S081
256,P00256,Continue Home Appliance,Home Appliances,Whirlpool,S034
257,P00257,Feel Beaut,Beauty,Dove,S040
258,P00258,Conference Electronic,Electronics,LG,S083
259,P00259,Use Home Appliance,Home Appliances,Philips,S083
260,P00260,Surface Electronic,Electronics,Samsung,S046
261,P00261,Major Home Appliance,Home Appliances,Philips,S034
262,P00262,Effort Furnitur,Furniture,Herman Miller,S050
263,P00263,School Home Appliance,Home Appliances,Whirlpool,S006
264,P00264,Contain Beaut,Beauty,L'Oreal,S073
265,P00265,Industry Beaut,Beauty,Sephora,S013
266,P00266,Subject Electronic,Electronics,LG,S031
267,P00267,Whether Home Appliance,Home Appliances,Bosch,S041
268,P00268,Executive Furnitur,Furniture,Herman Miller,S080
269,P00269,Cell Home Appliance,Home Appliances,Philips,S054
270,P00270,Dog Clothin,Clothing,H&M,S036
271,P00271,Sell Furnitur,Furniture,Herman Miller,S031
272,P00272,Professor Furnitur,Furniture,Ikea,S070
273,P00273,Former Clothin,Clothing,Zara,S021
274,P00274,Good Beaut,Beauty,L'Oreal,S097
275,P00275,Remember Home Appliance,Home Appliances,KitchenAid,S084
276,P00276,Election Furnitur,Furniture,Steelcase,S097
277,P00277,Clearly Clothin,Clothing,Zara,S062
278,P00278,Table Home Appliance,Home Appliances,Whirlpool,S098
279,P00279,Full Clothin,Clothing,Zara,S056
280,P00280,Let Furnitur,Furniture,Steelcase,S088
281,P00281,Approach Clothin,Clothing,Uniqlo,S083
282,P00282,Successful Beaut,Beauty,MAC,S025
283,P00283,Artist Beaut,Beauty,Dove,S009
284,P00284,Policy Furnitur,Furniture,Wayfair,S063
285,P00285,However Electronic,Electronics,Sony,S040
286,P00286,Hour Home Appliance,Home Appliances,KitchenAid,S078
287,P00287,Pm Home Appliance,Home Appliances,KitchenAid,S067
288,P00288,Its Home Appliance,Home Appliances,GE,S025
289,P00289,Edge Electronic,Electronics,Samsung,S010
290,P00290,Soldier Electronic,Electronics,Samsung,S032
291,P00291,Minute Home Appliance,Home Appliances,GE,S079
292,P00292,To Clothin,Clothing,Adidas,S026
293,P00293,Save Beaut,Beauty,Sephora,S094
294,P00294,Important Beaut,Beauty,Maybelline,S091
295,P00295,Play Furnitur,Furniture,Herman Miller,S016
296,P00296,Head Beaut,Beauty,MAC,S098
297,P00297,Any Furnitur,Furniture,Ikea,S033
298,P00298,Edge Clothin,Clothing,Zara,S040
299,P00299,Capital Beaut,Beauty,Dove,S001
300,P00300,Be Electronic,Electronics,LG,S017
301,P00301,Game Beaut,Beauty,MAC,S081
302,P00302,East Home Appliance,Home Appliances,Whirlpool,S081
303,P00303,Military Clothin,Clothing,H&M,S085
304,P00304,Forward Electronic,Electronics,Sony,S024
305,P00305,Whom Furnitur,Furniture,Ikea,S093
306,P00306,Catch Clothin,Clothing,Uniqlo,S038
307,P00307,Sign Furnitur,Furniture,Steelcase,S001
308,P00308,Seat Furnitur,Furniture,Steelcase,S039
309,P00309,Bill Home Appliance,Home Appliances,Bosch,S099
310,P00310,Myself Furnitur,Furniture,Wayfair,S089
311,P00311,Pretty Electronic,Electronics,Apple,S035
312,P00312,Environmental Home Appliance,Home Appliances,KitchenAid,S096
313,P00313,My Beaut,Beauty,Dove,S049
314,P00314,Republican Clothin,Clothing,Adidas,S021
315,P00315,Various Clothin,Clothing,Adidas,S074
316,P00316,On Furnitur,Furniture,Ikea,S076
317,P00317,Police Electronic,Electronics,Panasonic,S069
318,P00318,System Clothin,Clothing,Zara,S099
319,P00319,Media Home Appliance,Home Appliances,Bosch,S006
320,P00320,Mrs Home Appliance,Home Appliances,KitchenAid,S035
321,P00321,Thank Beaut,Beauty,Dove,S093
322,P00322,Important Furnitur,Furniture,Steelcase,S042
323,P00323,Number Clothin,Clothing,Nike,S022
324,P00324,Two Clothin,Clothing,Zara,S073
325,P00325,List Furnitur,Furniture,Steelcase,S077
326,P00326,Daughter Beaut,Beauty,L'Oreal,S068
327,P00327,Magazine Electronic,Electronics,LG,S058
328,P00328,Later Home Appliance,Home Appliances,Philips,S033
329,P00329,Performance Clothin,Clothing,Uniqlo,S049
330,P00330,Sister Beaut,Beauty,Sephora,S095
331,P00331,Thing Electronic,Electronics,Samsung,S020
332,P00332,Television Home Appliance,Home Appliances,KitchenAid,S091
333,P00333,Appear Electronic,Electronics,Samsung,S096
334,P00334,Home Beaut,Beauty,Dove,S048
335,P00335,Must Beaut,Beauty,Sephora,S086
336,P00336,Physical Clothin,Clothing,Zara,S080
337,P00337,Want Furnitur,Furniture,Ashley,S002
338,P00338,White Beaut,Beauty,MAC,S015
339,P00339,Near Home Appliance,Home Appliances,KitchenAid,S084
340,P00340,Low Beaut,Beauty,Dove,S028
341,P00341,Whatever Home Appliance,Home Appliances,GE,S092
342,P00342,Defense Clothin,Clothing,Nike,S056
343,P00343,Somebody Furnitur,Furniture,Ikea,S065
344,P00344,Society Electronic,Electronics,LG,S013
345,P00345,Successful Electronic,Electronics,Apple,S086
346,P00346,Perform Electronic,Electronics,Panasonic,S088
347,P00347,Usually Home Appliance,Home Appliances,Whirlpool,S073
348,P00348,Item Electronic,Electronics,Sony,S063
349,P00349,Hundred Furnitur,Furniture,Ashley,S078
350,P00350,Approach Home Appliance,Home Appliances,Bosch,S070
351,P00351,Plan Furnitur,Furniture,Ashley,S098
352,P00352,Room Electronic,Electronics,Samsung,S067
353,P00353,Expert Furnitur,Furniture,Ashley,S035
354,P00354,Card Home Appliance,Home Appliances,KitchenAid,S092
355,P00355,Quickly Beaut,Beauty,Sephora,S083
356,P00356,Water Furnitur,Furniture,Steelcase,S089
357,P00357,Station Beaut,Beauty,Maybelline,S081
358,P00358,Save Furnitur,Furniture,Ikea,S038
359,P00359,Fight Home Appliance,Home Appliances,Philips,S068
360,P00360,Like Furnitur,Furniture,Ikea,S014
361,P00361,Culture Furnitur,Furniture,Ashley,S023
362,P00362,Day Beaut,Beauty,Maybelline,S011
363,P00363,Bill Home Appliance,Home Appliances,KitchenAid,S074
364,P00364,Free Home Appliance,Home Appliances,Bosch,S100
365,P00365,Knowledge Beaut,Beauty,Maybelline,S036
366,P00366,Cold Clothin,Clothing,H&M,S093
367,P00367,Record Home Appliance,Home Appliances,Whirlpool,S018
368,P00368,Much Beaut,Beauty,MAC,S049
369,P00369,Loss Clothin,Clothing,Nike,S073
370,P00370,Can Clothin,Clothing,Adidas,S062
371,P00371,Oil Electronic,Electronics,LG,S044
372,P00372,If Beaut,Beauty,Maybelline,S097
373,P00373,Spend Beaut,Beauty,Sephora,S054
374,P00374,View Clothin,Clothing,Adidas,S013
375,P00375,Local Home Appliance,Home Appliances,Philips,S053
376,P00376,High Clothin,Clothing,Zara,S016
377,P00377,New Clothin,Clothing,Adidas,S094
378,P00378,Region Electronic,Electronics,Sony,S088
379,P00379,Little Clothin,Clothing,Nike,S097
380,P00380,Believe Home Appliance,Home Appliances,Whirlpool,S022
381,P00381,Difference Home Appliance,Home Appliances,Philips,S025
382,P00382,Consumer Clothin,Clothing,Uniqlo,S029
383,P00383,Artist Electronic,Electronics,Sony,S027
384,P00384,Lead Electronic,Electronics,Apple,S026
385,P00385,Any Clothin,Clothing,Zara,S088
386,P00386,Situation Clothin,Clothing,Nike,S053
387,P00387,Together Beaut,Beauty,L'Oreal,S098
388,P00388,Heart Clothin,Clothing,Zara,S027
389,P00389,Hospital Clothin,Clothing,H&M,S086
390,P00390,Around Home Appliance,Home Appliances,Philips,S021
391,P00391,Father Home Appliance,Home Appliances,GE,S093
392,P00392,Go Beaut,Beauty,MAC,S090
393,P00393,Raise Electronic,Electronics,Sony,S039
394,P00394,Whole Home Appliance,Home Appliances,KitchenAid,S067
395,P00395,Magazine Furnitur,Furniture,Herman Miller,S064
396,P00396,Will Electronic,Electronics,Samsung,S064
397,P00397,Hope Beaut,Beauty,MAC,S059
398,P00398,Light Clothin,Clothing,Uniqlo,S045
399,P00399,Worry Clothin,Clothing,Adidas,S100
400,P00400,Dream Home Appliance,Home Appliances,Whirlpool,S093
401,P00401,Perhaps Home Appliance,Home Appliances,KitchenAid,S055
402,P00402,Though Electronic,Electronics,Sony,S088
403,P00403,Identify Clothin,Clothing,Adidas,S094
404,P00404,Similar Home Appliance,Home Appliances,Whirlpool,S080
405,P00405,Mother Beaut,Beauty,Maybelline,S024
406,P00406,Energy Electronic,Electronics,Panasonic,S089
407,P00407,Career Home Appliance,Home Appliances,Whirlpool,S005
408,P00408,Amount Clothin,Clothing,Adidas,S042
409,P00409,Baby Beaut,Beauty,L'Oreal,S001
410,P00410,Occur Beaut,Beauty,L'Oreal,S049
411,P00411,Still Electronic,Electronics,LG,S038
412,P00412,Spring Electronic,Electronics,Samsung,S079
413,P00413,Family Clothin,Clothing,Zara,S041
414,P00414,Its Beaut,Beauty,Maybelline,S097
415,P00415,Magazine Beaut,Beauty,Dove,S050
416,P00416,Always Home Appliance,Home Appliances,Bosch,S056
417,P00417,Him Beaut,Beauty,Maybelline,S038
418,P00418,Letter Clothin,Clothing,Adidas,S025
419,P00419,Level Furnitur,Furniture,Wayfair,S026
420,P00420,The Furnitur,Furniture,Wayfair,S073
421,P00421,Also Furnitur,Furniture,Ikea,S035
422,P00422,Office Electronic,Electronics,Apple,S093
423,P00423,South Furnitur,Furniture,Ashley,S081
424,P00424,Second Beaut,Beauty,Maybelline,S077
425,P00425,Mind Beaut,Beauty,Sephora,S034
426,P00426,Hope Furnitur,Furniture,Herman Miller,S038
427,P00427,Avoid Electronic,Electronics,Panasonic,S008
428,P00428,Future Home Appliance,Home Appliances,Philips,S057
429,P00429,Member Clothin,Clothing,Adidas,S028
430,P00430,Laugh Electronic,Electronics,Samsung,S045
431,P00431,Red Beaut,Beauty,Dove,S064
432,P00432,Represent Clothin,Clothing,H&M,S056
433,P00433,Seat Beaut,Beauty,Dove,S096
434,P00434,Company Furnitur,Furniture,Ashley,S077
435,P00435,Tough Beaut,Beauty,Maybelline,S053
436,P00436,Prevent Clothin,Clothing,Zara,S097
437,P00437,East Electronic,Electronics,Apple,S085
438,P00438,Suddenly Electronic,Electronics,LG,S002
439,P00439,Learn Home Appliance,Home Appliances,Bosch,S037
440,P00440,Weight Furnitur,Furniture,Ashley,S096
441,P00441,Lay Electronic,Electronics,Samsung,S006
442,P00442,Their Beaut,Beauty,MAC,S048
443,P00443,Admit Electronic,Electronics,Panasonic,S025
444,P00444,Claim Furnitur,Furniture,Ashley,S022
445,P00445,Follow Home Appliance,Home Appliances,GE,S070
446,P00446,Coach Beaut,Beauty,Dove,S067
447,P00447,Financial Home Appliance,Home Appliances,KitchenAid,S009
448,P00448,Statement Electronic,Electronics,Apple,S082
449,P00449,Character Electronic,Electronics,Panasonic,S087
450,P00450,Sport Clothin,Clothing,Nike,S058
451,P00451,Benefit Furnitur,Furniture,Herman Miller,S071
452,P00452,Book Furnitur,Furniture,Steelcase,S032
453,P00453,Individual Electronic,Electronics,Apple,S096
454,P00454,Their Electronic,Electronics,Apple,S055
455,P00455,Majority Home Appliance,Home Appliances,GE,S042
456,P00456,Study Clothin,Clothing,Zara,S090
457,P00457,Along Beaut,Beauty,Sephora,S040
458,P00458,Performance Home Appliance,Home Appliances,KitchenAid,S071
459,P00459,Professional Beaut,Beauty,MAC,S072
460,P00460,Me Electronic,Electronics,Apple,S037
461,P00461,Full Home Appliance,Home Appliances,GE,S010
462,P00462,Professional Clothin,Clothing,Zara,S051
463,P00463,Perhaps Beaut,Beauty,L'Oreal,S023
464,P00464,Finally Home Appliance,Home Appliances,GE,S016
465,P00465,During Clothin,Clothing,Uniqlo,S033
466,P00466,More Beaut,Beauty,L'Oreal,S017
467,P00467,Pattern Beaut,Beauty,Dove,S051
468,P00468,Professional Clothin,Clothing,Zara,S082
469,P00469,Place Furnitur,Furniture,Herman Miller,S088
470,P00470,Film Beaut,Beauty,Sephora,S052
471,P00471,Share Electronic,Electronics,Samsung,S054
472,P00472,Work Electronic,Electronics,LG,S056
473,P00473,Include Furnitur,Furniture,Herman Miller,S061
474,P00474,Available Clothin,Clothing,H&M,S012
475,P00475,Minute Home Appliance,Home Appliances,Philips,S087
476,P00476,Pretty Clothin,Clothing,Adidas,S059
477,P00477,Respond Beaut,Beauty,MAC,S007
478,P00478,Involve Beaut,Beauty,Dove,S092
479,P00479,Board Electronic,Electronics,LG,S022
480,P00480,Evidence Beaut,Beauty,L'Oreal,S056
481,P00481,Mrs Home Appliance,Home Appliances,KitchenAid,S083
482,P00482,Plant Clothin,Clothing,H&M,S093
483,P00483,Land Home Appliance,Home Appliances,Philips,S038
484,P00484,Work Furnitur,Furniture,Steelcase,S042
485,P00485,Fact Beaut,Beauty,Sephora,S065
486,P00486,Opportunity Home Appliance,Home Appliances,Philips,S060
487,P00487,Push Electronic,Electronics,Samsung,S037
488,P00488,Part Clothin,Clothing,Nike,S084
489,P00489,House Home Appliance,Home Appliances,KitchenAid,S075
490,P00490,Cell Electronic,Electronics,Apple,S045
491,P00491,Challenge Clothin,Clothing,Zara,S072
492,P00492,Article Beaut,Beauty,Dove,S066
493,P00493,Everybody Electronic,Electronics,LG,S034
494,P00494,Thought Beaut,Beauty,Sephora,S080
495,P00495,Election Clothin,Clothing,Uniqlo,S063
496,P00496,Describe Beaut,Beauty,Dove,S047
497,P00497,Us Home Appliance,Home Appliances,KitchenAid,S016
498,P00498,Between Home Appliance,Home Appliances,GE,S074
499,P00499,Mind Electronic,Electronics,Apple,S099
500,P00500,Century Clothin,Clothing,Zara,S096
501,P00501,Art Clothin,Clothing,H&M,S010
502,P00502,Operation Clothin,Clothing,Adidas,S060
503,P00503,Appear Electronic,Electronics,Sony,S097
504,P00504,End Beaut,Beauty,Sephora,S045
505,P00505,Evidence Home Appliance,Home Appliances,GE,S025
506,P00506,Argue Beaut,Beauty,MAC,S051
507,P00507,Degree Beaut,Beauty,MAC,S033
508,P00508,Money Home Appliance,Home Appliances,Bosch,S009
509,P00509,Food Beaut,Beauty,Sephora,S084
510,P00510,Pull Clothin,Clothing,Zara,S009
511,P00511,She Furnitur,Furniture,Ashley,S052
512,P00512,Center Furnitur,Furniture,Ikea,S081
513,P00513,Even Furnitur,Furniture,Wayfair,S071
514,P00514,Population Home Appliance,Home Appliances,Philips,S035
515,P00515,Especially Home Appliance,Home Appliances,GE,S064
516,P00516,Wear Electronic,Electronics,Samsung,S099
517,P00517,Window Beaut,Beauty,Maybelline,S044
518,P00518,Quality Home Appliance,Home Appliances,Bosch,S062
519,P00519,With Clothin,Clothing,Adidas,S025
520,P00520,Upon Furnitur,Furniture,Ikea,S093
521,P00521,Clear Beaut,Beauty,L'Oreal,S083
522,P00522,Such Home Appliance,Home Appliances,Whirlpool,S077
523,P00523,Laugh Beaut,Beauty,Maybelline,S093
524,P00524,Major Clothin,Clothing,Uniqlo,S030
525,P00525,Spring Clothin,Clothing,Nike,S029
526,P00526,Still Beaut,Beauty,Dove,S092
527,P00527,Special Electronic,Electronics,LG,S057
528,P00528,Response Furnitur,Furniture,Herman Miller,S008
529,P00529,Million Clothin,Clothing,H&M,S057
530,P00530,Then Home Appliance,Home Appliances,KitchenAid,S038
531,P00531,Political Beaut,Beauty,Sephora,S064
532,P00532,Member Furnitur,Furniture,Ikea,S013
533,P00533,Challenge Furnitur,Furniture,Wayfair,S042
534,P00534,Recent Clothin,Clothing,Nike,S094
535,P00535,Skill Beaut,Beauty,Maybelline,S002
536,P00536,Over Beaut,Beauty,Sephora,S094
537,P00537,Almost Clothin,Clothing,H&M,S082
538,P00538,On Beaut,Beauty,MAC,S026
539,P00539,Director Electronic,Electronics,Sony,S004
540,P00540,Nothing Home Appliance,Home Appliances,Bosch,S038
541,P00541,Writer Electronic,Electronics,Samsung,S065
542,P00542,Term Electronic,Electronics,LG,S076
543,P00543,Song Clothin,Clothing,Nike,S006
544,P00544,Couple Home Appliance,Home Appliances,GE,S040
545,P00545,Machine Beaut,Beauty,Sephora,S091
546,P00546,Member Furnitur,Furniture,Steelcase,S058
547,P00547,Series Electronic,Electronics,Panasonic,S054
548,P00548,Professor Electronic,Electronics,Sony,S090
549,P00549,Interest Beaut,Beauty,Maybelline,S062
550,P00550,Value Electronic,Electronics,Panasonic,S056
551,P00551,Series Home Appliance,Home Appliances,KitchenAid,S031
552,P00552,Increase Furnitur,Furniture,Herman Miller,S006
553,P00553,End Home Appliance,Home Appliances,GE,S067
554,P00554,Election Home Appliance,Home Appliances,Philips,S062
555,P00555,Prevent Electronic,Electronics,LG,S079
556,P00556,Question Electronic,Electronics,Samsung,S003
557,P00557,Unit Electronic,Electronics,Apple,S063
558,P00558,Easy Clothin,Clothing,Zara,S017
559,P00559,Artist Beaut,Beauty,Dove,S075
560,P00560,Front Beaut,Beauty,Maybelline,S049
561,P00561,Pressure Beaut,Beauty,L'Oreal,S081
562,P00562,Option Clothin,Clothing,Nike,S011
563,P00563,Instead Beaut,Beauty,Maybelline,S093
564,P00564,Ball Clothin,Clothing,Uniqlo,S059
565,P00565,Land Furnitur,Furniture,Ikea,S082
566,P00566,Ask Electronic,Electronics,Samsung,S089
567,P00567,Sister Home Appliance,Home Appliances,KitchenAid,S095
568,P00568,Ten Furnitur,Furniture,Ashley,S026
569,P00569,Yeah Furnitur,Furniture,Ashley,S019
570,P00570,Director Beaut,Beauty,Maybelline,S053
571,P00571,Subject Electronic,Electronics,Panasonic,S070
572,P00572,Political Furnitur,Furniture,Ashley,S064
573,P00573,Heart Electronic,Electronics,Sony,S039
574,P00574,Claim Beaut,Beauty,L'Oreal,S063
575,P00575,After Home Appliance,Home Appliances,Bosch,S084
576,P00576,Establish Electronic,Electronics,LG,S068
577,P00577,Thousand Electronic,Electronics,Panasonic,S086
578,P00578,Network Electronic,Electronics,Panasonic,S094
579,P00579,Parent Electronic,Electronics,Apple,S058
580,P00580,Management Furnitur,Furniture,Wayfair,S049
581,P00581,Move Furnitur,Furniture,Steelcase,S099
582,P00582,Show Clothin,Clothing,Uniqlo,S094
583,P00583,Score Furnitur,Furniture,Herman Miller,S025
584,P00584,Billion Furnitur,Furniture,Ashley,S094
585,P00585,Look Furnitur,Furniture,Ashley,S025
586,P00586,Pressure Furnitur,Furniture,Steelcase,S043
587,P00587,Difference Home Appliance,Home Appliances,Whirlpool,S070
588,P00588,Decide Beaut,Beauty,MAC,S041
589,P00589,Throw Home Appliance,Home Appliances,Whirlpool,S065
590,P00590,Debate Clothin,Clothing,Uniqlo,S041
591,P00591,Just Electronic,Electronics,Panasonic,S001
592,P00592,But Beaut,Beauty,MAC,S070
593,P00593,Boy Furnitur,Furniture,Ashley,S029
594,P00594,Grow Clothin,Clothing,Nike,S012
595,P00595,Traditional Electronic,Electronics,LG,S080
596,P00596,Service Electronic,Electronics,Samsung,S079
597,P00597,Collection Beaut,Beauty,Sephora,S013
598,P00598,Kid Home Appliance,Home Appliances,GE,S014
599,P00599,Program Furnitur,Furniture,Ashley,S012
600,P00600,Pattern Home Appliance,Home Appliances,Philips,S032
601,P00601,Mean Clothin,Clothing,H&M,S087
602,P00602,Officer Home Appliance,Home Appliances,KitchenAid,S008
603,P00603,You Clothin,Clothing,Uniqlo,S010
604,P00604,From Electronic,Electronics,Panasonic,S061
605,P00605,Be Home Appliance,Home Appliances,Whirlpool,S067
606,P00606,Will Beaut,Beauty,Sephora,S065
607,P00607,Else Home Appliance,Home Appliances,Bosch,S006
608,P00608,To Furnitur,Furniture,Herman Miller,S071
609,P00609,Never Home Appliance,Home Appliances,KitchenAid,S033
610,P00610,Front Beaut,Beauty,MAC,S092
611,P00611,Simple Beaut,Beauty,L'Oreal,S021
612,P00612,Increase Electronic,Electronics,Samsung,S013
613,P00613,White Clothin,Clothing,Adidas,S092
614,P00614,Computer Clothin,Clothing,H&M,S053
615,P00615,Those Furnitur,Furniture,Herman Miller,S081
616,P00616,Medical Electronic,Electronics,Samsung,S006
617,P00617,Including Electronic,Electronics,Sony,S051
618,P00618,Rather Home Appliance,Home Appliances,Philips,S053
619,P00619,Fire Home Appliance,Home Appliances,GE,S085
620,P00620,Speak Electronic,Electronics,Panasonic,S001
621,P00621,I Clothin,Clothing,Adidas,S015
622,P00622,Use Furnitur,Furniture,Steelcase,S072
623,P00623,Surface Clothin,Clothing,Nike,S047
624,P00624,Draw Beaut,Beauty,L'Oreal,S048
625,P00625,Also Clothin,Clothing,Adidas,S004
626,P00626,Thousand Home Appliance,Home Appliances,Bosch,S033
627,P00627,Start Electronic,Electronics,LG,S003
628,P00628,Seven Furnitur,Furniture,Steelcase,S024
629,P00629,Agreement Clothin,Clothing,Nike,S029
630,P00630,Material Furnitur,Furniture,Ikea,S009
631,P00631,Many Home Appliance,Home Appliances,GE,S001
632,P00632,Room Electronic,Electronics,Panasonic,S086
633,P00633,Try Beaut,Beauty,L'Oreal,S028
634,P00634,Three Home Appliance,Home Appliances,GE,S058
635,P00635,Glass Home Appliance,Home Appliances,Philips,S027
636,P00636,Draw Electronic,Electronics,Samsung,S046
637,P00637,Strategy Electronic,Electronics,LG,S039
638,P00638,Bad Electronic,Electronics,Apple,S009
639,P00639,Wish Furnitur,Furniture,Wayfair,S021
640,P00640,Baby Clothin,Clothing,Zara,S100
641,P00641,Not Beaut,Beauty,Sephora,S060
642,P00642,Support Home Appliance,Home Appliances,KitchenAid,S094
643,P00643,Project Clothin,Clothing,Nike,S026
644,P00644,Often Beaut,Beauty,MAC,S077
645,P00645,Art Electronic,Electronics,LG,S022
646,P00646,Political Electronic,Electronics,LG,S043
647,P00647,Evening Electronic,Electronics,Samsung,S058
648,P00648,Her Clothin,Clothing,Nike,S081
649,P00649,Member Beaut,Beauty,Sephora,S066
650,P00650,Prepare Clothin,Clothing,Nike,S021
651,P00651,About Furnitur,Furniture,Steelcase,S033
652,P00652,Natural Furnitur,Furniture,Ashley,S089
653,P00653,Current Beaut,Beauty,Dove,S093
654,P00654,Town Home Appliance,Home Appliances,Bosch,S070
655,P00655,Picture Beaut,Beauty,Dove,S004
656,P00656,That Home Appliance,Home Appliances,Bosch,S017
657,P00657,So Electronic,Electronics,Samsung,S098
658,P00658,Off Beaut,Beauty,MAC,S001
659,P00659,Nation Home Appliance,Home Appliances,Philips,S062
660,P00660,Song Clothin,Clothing,Zara,S060
661,P00661,Carry Furnitur,Furniture,Ashley,S048
662,P00662,A Furnitur,Furniture,Ikea,S053
663,P00663,Rock Furnitur,Furniture,Ikea,S048
664,P00664,Race Clothin,Clothing,Adidas,S022
665,P00665,Go Electronic,Electronics,Apple,S070
666,P00666,Ok Electronic,Electronics,Apple,S084
667,P00667,Wear Electronic,Electronics,Samsung,S038
668,P00668,Kid Beaut,Beauty,MAC,S067
669,P00669,Arrive Home Appliance,Home Appliances,Philips,S017
670,P00670,Image Clothin,Clothing,Zara,S012
671,P00671,Per Home Appliance,Home Appliances,Philips,S077
672,P00672,Rather Clothin,Clothing,Zara,S011
673,P00673,Evidence Beaut,Beauty,L'Oreal,S011
674,P00674,Probably Beaut,Beauty,L'Oreal,S025
675,P00675,Pressure Home Appliance,Home Appliances,Philips,S075
676,P00676,Admit Electronic,Electronics,Apple,S081
677,P00677,As Home Appliance,Home Appliances,KitchenAid,S009
678,P00678,These Electronic,Electronics,Panasonic,S033
679,P00679,Partner Furnitur,Furniture,Ashley,S003
680,P00680,Knowledge Clothin,Clothing,Uniqlo,S097
681,P00681,What Furnitur,Furniture,Ikea,S073
682,P00682,Series Beaut,Beauty,Dove,S046
683,P00683,Feel Beaut,Beauty,Sephora,S099
684,P00684,Recognize Beaut,Beauty,Sephora,S066
685,P00685,Successful Electronic,Electronics,LG,S050
686,P00686,Reflect Home Appliance,Home Appliances,Bosch,S050
687,P00687,Such Clothin,Clothing,Nike,S079
688,P00688,Opportunity Beaut,Beauty,Maybelline,S042
689,P00689,Law Home Appliance,Home Appliances,Philips,S081
690,P00690,Free Home Appliance,Home Appliances,KitchenAid,S039
691,P00691,Less Home Appliance,Home Appliances,Philips,S026
692,P00692,Major Clothin,Clothing,Nike,S054
693,P00693,Modern Home Appliance,Home Appliances,Philips,S078
694,P00694,Debate Home Appliance,Home Appliances,GE,S027
695,P00695,Star Beaut,Beauty,Sephora,S047
696,P00696,Staff Electronic,Electronics,LG,S018
697,P00697,Development Home Appliance,Home Appliances,GE,S096
698,P00698,Indicate Home Appliance,Home Appliances,Philips,S009
699,P00699,Reflect Beaut,Beauty,Dove,S081
700,P00700,Performance Electronic,Electronics,Samsung,S082
701,P00701,Record Furnitur,Furniture,Herman Miller,S021
702,P00702,Wide Home Appliance,Home Appliances,KitchenAid,S049
703,P00703,Lead Home Appliance,Home Appliances,Whirlpool,S049
704,P00704,Relationship Beaut,Beauty,Dove,S095
705,P00705,Design Clothin,Clothing,Uniqlo,S092
706,P00706,One Home Appliance,Home Appliances,Whirlpool,S047
707,P00707,Note Clothin,Clothing,Uniqlo,S088
708,P00708,Tonight Furnitur,Furniture,Herman Miller,S099
709,P00709,Natural Furnitur,Furniture,Herman Miller,S090
710,P00710,Number Beaut,Beauty,L'Oreal,S064
711,P00711,Believe Furnitur,Furniture,Wayfair,S033
712,P00712,All Beaut,Beauty,L'Oreal,S067
713,P00713,Fly Clothin,Clothing,Uniqlo,S081
714,P00714,Organization Clothin,Clothing,Uniqlo,S079
715,P00715,Peace Electronic,Electronics,LG,S009
716,P00716,Respond Clothin,Clothing,H&M,S043
717,P00717,Least Home Appliance,Home Appliances,GE,S010
718,P00718,Price Electronic,Electronics,Apple,S093
719,P00719,Blue Beaut,Beauty,Dove,S077
720,P00720,Building Furnitur,Furniture,Steelcase,S048
721,P00721,Everybody Electronic,Electronics,Panasonic,S089
722,P00722,Class Clothin,Clothing,Zara,S062
723,P00723,Human Home Appliance,Home Appliances,Philips,S016
724,P00724,Blood Electronic,Electronics,Apple,S020
725,P00725,Far Beaut,Beauty,Sephora,S050
726,P00726,All Beaut,Beauty,L'Oreal,S061
727,P00727,Probably Furnitur,Furniture,Ashley,S039
728,P00728,Fish Beaut,Beauty,Maybelline,S044
729,P00729,Maybe Electronic,Electronics,Samsung,S010
730,P00730,Dinner Beaut,Beauty,L'Oreal,S085
731,P00731,Easy Furnitur,Furniture,Ashley,S028
732,P00732,Fill Clothin,Clothing,Nike,S007
733,P00733,Rich Furnitur,Furniture,Herman Miller,S065
734,P00734,Speech Clothin,Clothing,Uniqlo,S073
735,P00735,Car Clothin,Clothing,Uniqlo,S073
736,P00736,Environment Home Appliance,Home Appliances,GE,S075
737,P00737,City Beaut,Beauty,L'Oreal,S011
738,P00738,West Beaut,Beauty,Sephora,S056
739,P00739,Cut Home Appliance,Home Appliances,Bosch,S024
740,P00740,Book Clothin,Clothing,H&M,S098
741,P00741,Development Furnitur,Furniture,Wayfair,S098
742,P00742,Artist Beaut,Beauty,Dove,S061
743,P00743,Relate Beaut,Beauty,Dove,S081
744,P00744,Always Electronic,Electronics,Panasonic,S058
745,P00745,Where Clothin,Clothing,Nike,S016
746,P00746,Happy Beaut,Beauty,Dove,S090
747,P00747,Become Electronic,Electronics,LG,S030
748,P00748,At Home Appliance,Home Appliances,Bosch,S002
749,P00749,Why Home Appliance,Home Appliances,Bosch,S073
750,P00750,Data Clothin,Clothing,Nike,S099
751,P00751,Right Clothin,Clothing,H&M,S011
752,P00752,Paper Beaut,Beauty,L'Oreal,S042
753,P00753,Cup Electronic,Electronics,LG,S034
754,P00754,Your Clothin,Clothing,Nike,S069
755,P00755,Gas Furnitur,Furniture,Wayfair,S099
756,P00756,Base Beaut,Beauty,MAC,S089
757,P00757,Lot Clothin,Clothing,Uniqlo,S043
758,P00758,Decision Electronic,Electronics,Samsung,S088
759,P00759,Inside Beaut,Beauty,Dove,S069
760,P00760,Discover Electronic,Electronics,Samsung,S088
761,P00761,Part Home Appliance,Home Appliances,Bosch,S035
762,P00762,Soon Furnitur,Furniture,Steelcase,S068
763,P00763,Practice Clothin,Clothing,Nike,S096
764,P00764,Pattern Home Appliance,Home Appliances,GE,S075
765,P00765,Morning Beaut,Beauty,Sephora,S009
766,P00766,Travel Home Appliance,Home Appliances,GE,S088
767,P00767,Consider Furnitur,Furniture,Ikea,S054
768,P00768,Certain Electronic,Electronics,Apple,S074
769,P00769,Talk Beaut,Beauty,Maybelline,S002
770,P00770,Reason Beaut,Beauty,MAC,S051
771,P00771,Chair Beaut,Beauty,Maybelline,S066
772,P00772,Its Clothin,Clothing,Uniqlo,S056
773,P00773,Still Furnitur,Furniture,Steelcase,S080
774,P00774,Responsibility Clothin,Clothing,Zara,S021
775,P00775,Decade Home Appliance,Home Appliances,Whirlpool,S078
776,P00776,Easy Electronic,Electronics,Apple,S089
777,P00777,Argue Beaut,Beauty,L'Oreal,S019
778,P00778,These Furnitur,Furniture,Herman Miller,S014
779,P00779,This Electronic,Electronics,Samsung,S022
780,P00780,Dream Clothin,Clothing,Nike,S040
781,P00781,What Home Appliance,Home Appliances,GE,S015
782,P00782,Us Beaut,Beauty,Dove,S054
783,P00783,Good Beaut,Beauty,L'Oreal,S061
784,P00784,Law Clothin,Clothing,Nike,S081
785,P00785,Detail Furnitur,Furniture,Herman Miller,S012
786,P00786,Lot Electronic,Electronics,Sony,S079
787,P00787,Worry Beaut,Beauty,MAC,S034
788,P00788,Toward Electronic,Electronics,Panasonic,S094
789,P00789,Office Beaut,Beauty,Dove,S063
790,P00790,Society Home Appliance,Home Appliances,Whirlpool,S063
791,P00791,Effort Beaut,Beauty,Maybelline,S015
792,P00792,Suggest Furnitur,Furniture,Ashley,S079
793,P00793,Guess Beaut,Beauty,MAC,S054
794,P00794,Before Clothin,Clothing,H&M,S084
795,P00795,Anything Electronic,Electronics,Panasonic,S024
796,P00796,About Clothin,Clothing,Nike,S043
797,P00797,Because Electronic,Electronics,Panasonic,S077
798,P00798,Study Beaut,Beauty,Dove,S010
799,P00799,Behavior Clothin,Clothing,Zara,S022
800,P00800,School Electronic,Electronics,Sony,S086
801,P00801,Authority Clothin,Clothing,H&M,S093
802,P00802,Much Beaut,Beauty,L'Oreal,S033
803,P00803,Need Beaut,Beauty,Maybelline,S056
804,P00804,Compare Clothin,Clothing,H&M,S045
805,P00805,White Home Appliance,Home Appliances,Whirlpool,S007
806,P00806,Nice Furnitur,Furniture,Ikea,S077
807,P00807,They Clothin,Clothing,Adidas,S091
808,P00808,Build Electronic,Electronics,Samsung,S068
809,P00809,Election Beaut,Beauty,Sephora,S085
810,P00810,Already Furnitur,Furniture,Steelcase,S044
811,P00811,Hotel Beaut,Beauty,L'Oreal,S053
812,P00812,Language Clothin,Clothing,Nike,S031
813,P00813,Food Electronic,Electronics,Apple,S041
814,P00814,Follow Clothin,Clothing,Nike,S079
815,P00815,Report Furnitur,Furniture,Herman Miller,S026
816,P00816,Something Home Appliance,Home Appliances,GE,S011
817,P00817,Both Electronic,Electronics,Samsung,S069
818,P00818,Get Home Appliance,Home Appliances,GE,S035
819,P00819,Miss Electronic,Electronics,LG,S070
820,P00820,Box Clothin,Clothing,Uniqlo,S042
821,P00821,Result Home Appliance,Home Appliances,KitchenAid,S012
822,P00822,Staff Electronic,Electronics,Apple,S015
823,P00823,Bill Clothin,Clothing,Zara,S056
824,P00824,Couple Beaut,Beauty,Dove,S016
825,P00825,Itself Clothin,Clothing,Zara,S047
826,P00826,Tend Electronic,Electronics,Samsung,S061
827,P00827,Fire Electronic,Electronics,Apple,S039
828,P00828,Management Electronic,Electronics,Sony,S046
829,P00829,Over Beaut,Beauty,MAC,S081
830,P00830,Score Furnitur,Furniture,Ikea,S051
831,P00831,Stuff Home Appliance,Home Appliances,KitchenAid,S093
832,P00832,Chance Electronic,Electronics,Sony,S087
833,P00833,Current Furnitur,Furniture,Wayfair,S034
834,P00834,Little Home Appliance,Home Appliances,KitchenAid,S097
835,P00835,Fall Beaut,Beauty,MAC,S092
836,P00836,Quite Clothin,Clothing,Nike,S041
837,P00837,Front Furnitur,Furniture,Wayfair,S057
838,P00838,Age Clothin,Clothing,Nike,S067
839,P00839,Test Furnitur,Furniture,Ashley,S066
840,P00840,Another Home Appliance,Home Appliances,Bosch,S003
841,P00841,World Home Appliance,Home Appliances,Philips,S028
842,P00842,Recently Home Appliance,Home Appliances,GE,S075
843,P00843,Rise Furnitur,Furniture,Ashley,S041
844,P00844,What Beaut,Beauty,MAC,S039
845,P00845,Push Furnitur,Furniture,Steelcase,S097
846,P00846,Peace Electronic,Electronics,Sony,S094
847,P00847,Sound Clothin,Clothing,Uniqlo,S052
848,P00848,Kind Furnitur,Furniture,Herman Miller,S059
849,P00849,Yourself Home Appliance,Home Appliances,KitchenAid,S016
850,P00850,Simple Beaut,Beauty,MAC,S085
851,P00851,Trouble Home Appliance,Home Appliances,GE,S085
852,P00852,Experience Beaut,Beauty,Sephora,S081
853,P00853,Quickly Furnitur,Furniture,Ashley,S086
854,P00854,Benefit Furnitur,Furniture,Ikea,S023
855,P00855,Land Beaut,Beauty,Dove,S051
856,P00856,Here Furnitur,Furniture,Ikea,S044
857,P00857,Main Beaut,Beauty,Maybelline,S076
858,P00858,Property Electronic,Electronics,Sony,S097
859,P00859,Whatever Beaut,Beauty,Maybelline,S042
860,P00860,Matter Electronic,Electronics,Samsung,S041
861,P00861,Enough Furnitur,Furniture,Wayfair,S074
862,P00862,Address Furnitur,Furniture,Herman Miller,S076
863,P00863,Long Furnitur,Furniture,Steelcase,S091
864,P00864,Rate Clothin,Clothing,Zara,S065
865,P00865,Hundred Clothin,Clothing,Zara,S080
866,P00866,Cold Beaut,Beauty,Sephora,S082
867,P00867,About Clothin,Clothing,Nike,S004
868,P00868,Price Furnitur,Furniture,Ashley,S009
869,P00869,Yourself Beaut,Beauty,MAC,S007
870,P00870,Shake Furnitur,Furniture,Ikea,S081
871,P00871,About Clothin,Clothing,Zara,S078
872,P00872,Also Home Appliance,Home Appliances,Whirlpool,S082
873,P00873,Page Home Appliance,Home Appliances,Whirlpool,S042
874,P00874,Back Home Appliance,Home Appliances,Whirlpool,S068
875,P00875,Arm Beaut,Beauty,Maybelline,S020
876,P00876,Woman Home Appliance,Home Appliances,GE,S038
877,P00877,Plan Furnitur,Furniture,Steelcase,S093
878,P00878,Court Beaut,Beauty,Maybelline,S086
879,P00879,Summer Clothin,Clothing,H&M,S006
880,P00880,Middle Electronic,Electronics,Panasonic,S015
881,P00881,First Beaut,Beauty,Dove,S038
882,P00882,Try Home Appliance,Home Appliances,GE,S097
883,P00883,Us Electronic,Electronics,Panasonic,S023
884,P00884,Write Home Appliance,Home Appliances,Philips,S045
885,P00885,What Furnitur,Furniture,Ikea,S096
886,P00886,Fall Electronic,Electronics,Samsung,S066
887,P00887,Deep Home Appliance,Home Appliances,Philips,S057
888,P00888,Foreign Furnitur,Furniture,Wayfair,S047
889,P00889,Ahead Electronic,Electronics,Samsung,S092
890,P00890,Control Home Appliance,Home Appliances,Bosch,S077
891,P00891,Much Furnitur,Furniture,Herman Miller,S026
892,P00892,Challenge Clothin,Clothing,Uniqlo,S002
893,P00893,Even Furnitur,Furniture,Ashley,S075
894,P00894,Any Beaut,Beauty,Maybelline,S085
895,P00895,Until Electronic,Electronics,Sony,S018
896,P00896,Beautiful Beaut,Beauty,Sephora,S077
897,P00897,Type Electronic,Electronics,Panasonic,S040
898,P00898,Investment Home Appliance,Home Appliances,Philips,S088
899,P00899,Course Furnitur,Furniture,Steelcase,S025
900,P00900,Run Home Appliance,Home Appliances,GE,S021
901,P00901,Door Electronic,Electronics,Apple,S073
902,P00902,Current Clothin,Clothing,H&M,S079
903,P00903,Interview Beaut,Beauty,MAC,S010
904,P00904,Happen Home Appliance,Home Appliances,Bosch,S010
905,P00905,Environment Clothin,Clothing,Zara,S003
906,P00906,Summer Home Appliance,Home Appliances,Bosch,S032
907,P00907,Concern Beaut,Beauty,Sephora,S015
908,P00908,Member Clothin,Clothing,Zara,S063
909,P00909,Million Electronic,Electronics,Samsung,S022
910,P00910,Ok Furnitur,Furniture,Herman Miller,S030
911,P00911,Some Electronic,Electronics,LG,S038
912,P00912,Eat Electronic,Electronics,Apple,S019
913,P00913,Color Home Appliance,Home Appliances,Bosch,S029
914,P00914,May Home Appliance,Home Appliances,KitchenAid,S044
915,P00915,Specific Home Appliance,Home Appliances,Whirlpool,S093
916,P00916,Set Home Appliance,Home Appliances,Whirlpool,S069
917,P00917,Seek Furnitur,Furniture,Steelcase,S016
918,P00918,Serve Home Appliance,Home Appliances,Bosch,S056
919,P00919,Give Clothin,Clothing,Uniqlo,S029
920,P00920,Near Clothin,Clothing,Adidas,S038
921,P00921,Bed Clothin,Clothing,H&M,S088
922,P00922,Color Clothin,Clothing,Uniqlo,S041
923,P00923,Gas Electronic,Electronics,Apple,S006
924,P00924,Such Furnitur,Furniture,Wayfair,S075
925,P00925,Discuss Clothin,Clothing,Zara,S099
926,P00926,Behavior Home Appliance,Home Appliances,Whirlpool,S026
927,P00927,Lead Clothin,Clothing,H&M,S053
928,P00928,Phone Furnitur,Furniture,Wayfair,S053
929,P00929,Really Home Appliance,Home Appliances,GE,S061
930,P00930,Lay Beaut,Beauty,Sephora,S100
931,P00931,As Furnitur,Furniture,Ashley,S043
932,P00932,Power Furnitur,Furniture,Herman Miller,S058
933,P00933,Member Electronic,Electronics,Samsung,S042
934,P00934,Girl Home Appliance,Home Appliances,KitchenAid,S085
935,P00935,Nor Furnitur,Furniture,Ashley,S077
936,P00936,Past Clothin,Clothing,H&M,S015
937,P00937,Guy Home Appliance,Home Appliances,Bosch,S034
938,P00938,Ready Furnitur,Furniture,Ikea,S068
939,P00939,Child Clothin,Clothing,Nike,S099
940,P00940,Eye Electronic,Electronics,Apple,S070
941,P00941,Hear Clothin,Clothing,Uniqlo,S043
942,P00942,Measure Home Appliance,Home Appliances,Philips,S011
943,P00943,Other Beaut,Beauty,MAC,S018
944,P00944,Professor Beaut,Beauty,Maybelline,S095
945,P00945,Writer Electronic,Electronics,Sony,S044
946,P00946,This Home Appliance,Home Appliances,Philips,S056
947,P00947,Help Electronic,Electronics,Samsung,S037
948,P00948,Relate Electronic,Electronics,Panasonic,S011
949,P00949,Wish Furnitur,Furniture,Wayfair,S071
950,P00950,Score Clothin,Clothing,Adidas,S018
951,P00951,Play Home Appliance,Home Appliances,Bosch,S052
952,P00952,Suffer Clothin,Clothing,H&M,S084
953,P00953,Seek Clothin,Clothing,Zara,S032
954,P00954,Myself Electronic,Electronics,Samsung,S069
955,P00955,Matter Electronic,Electronics,Panasonic,S037
956,P00956,Tend Electronic,Electronics,LG,S028
957,P00957,Scientist Furnitur,Furniture,Ikea,S003
958,P00958,Make Beaut,Beauty,Maybelline,S034
959,P00959,Move Beaut,Beauty,Sephora,S077
960,P00960,Nice Electronic,Electronics,Panasonic,S041
961,P00961,Store Furnitur,Furniture,Ashley,S020
962,P00962,Series Furnitur,Furniture,Herman Miller,S018
963,P00963,Present Home Appliance,Home Appliances,Bosch,S056
964,P00964,Buy Home Appliance,Home Appliances,KitchenAid,S002
965,P00965,Task Furnitur,Furniture,Ashley,S084
966,P00966,Cause Beaut,Beauty,Maybelline,S003
967,P00967,Far Beaut,Beauty,Maybelline,S057
968,P00968,Either Home Appliance,Home Appliances,GE,S001
969,P00969,Out Electronic,Electronics,Apple,S090
970,P00970,Like Beaut,Beauty,L'Oreal,S088
971,P00971,Compare Furnitur,Furniture,Wayfair,S076
972,P00972,Usually Home Appliance,Home Appliances,Bosch,S046
973,P00973,Forget Beaut,Beauty,Maybelline,S038
974,P00974,Here Electronic,Electronics,Apple,S041
975,P00975,Commercial Electronic,Electronics,Sony,S040
976,P00976,Thought Home Appliance,Home Appliances,Philips,S034
977,P00977,Plan Furnitur,Furniture,Herman Miller,S044
978,P00978,Clear Electronic,Electronics,Samsung,S026
979,P00979,Probably Electronic,Electronics,Sony,S036
980,P00980,Card Furnitur,Furniture,Wayfair,S085
981,P00981,Class Electronic,Electronics,Panasonic,S015
982,P00982,Those Home Appliance,Home Appliances,Bosch,S083
983,P00983,Find Furnitur,Furniture,Steelcase,S018
984,P00984,Account Furnitur,Furniture,Herman Miller,S098
985,P00985,Project Clothin,Clothing,Nike,S074
986,P00986,Set Furnitur,Furniture,Ikea,S004
987,P00987,Degree Home Appliance,Home Appliances,Philips,S013
988,P00988,Describe Furnitur,Furniture,Ikea,S055
989,P00989,Hand Beaut,Beauty,Maybelline,S040
990,P00990,Behavior Electronic,Electronics,Samsung,S078
991,P00991,Third Beaut,Beauty,MAC,S011
992,P00992,Management Beaut,Beauty,Sephora,S075
993,P00993,Whether Clothin,Clothing,Zara,S026
994,P00994,Professional Furnitur,Furniture,Ikea,S096
995,P00995,Their Beaut,Beauty,Maybelline,S065
996,P00996,Difficult Furnitur,Furniture,Wayfair,S010
997,P00997,Agent Furnitur,Furniture,Steelcase,S097
998,P00998,Any Electronic,Electronics,Samsung,S049
999,P00999,Game Home Appliance,Home Appliances,Bosch,S042
1000,P01000,Boy Beaut,Beauty,L'Oreal,S061
1001,P01001,Fight Furnitur,Furniture,Steelcase,S033
1002,P01002,They Furnitur,Furniture,Herman Miller,S088
1003,P01003,Worry Beaut,Beauty,L'Oreal,S002
1004,P01004,Magazine Clothin,Clothing,H&M,S071
1005,P01005,Side Clothin,Clothing,Adidas,S077
1006,P01006,Dark Clothin,Clothing,Adidas,S075
1007,P01007,Last Home Appliance,Home Appliances,Whirlpool,S085
1008,P01008,Live Furnitur,Furniture,Herman Miller,S082
1009,P01009,Someone Clothin,Clothing,Uniqlo,S026
1010,P01010,Great Electronic,Electronics,Apple,S023
1011,P01011,Network Beaut,Beauty,Sephora,S016
1012,P01012,Statement Electronic,Electronics,Panasonic,S097
1013,P01013,Network Clothin,Clothing,Zara,S030
1014,P01014,Debate Home Appliance,Home Appliances,Bosch,S035
1015,P01015,Agency Home Appliance,Home Appliances,Whirlpool,S030
1016,P01016,Economic Home Appliance,Home Appliances,Whirlpool,S050
1017,P01017,Good Furnitur,Furniture,Ashley,S002
1018,P01018,Machine Home Appliance,Home Appliances,Philips,S053
1019,P01019,Trade Clothin,Clothing,Nike,S043
1020,P01020,Participant Clothin,Clothing,Zara,S033
1021,P01021,Require Home Appliance,Home Appliances,Philips,S094
1022,P01022,Task Home Appliance,Home Appliances,Philips,S061
1023,P01023,Reduce Electronic,Electronics,Sony,S076
1024,P01024,Write Electronic,Electronics,LG,S056
1025,P01025,Audience Home Appliance,Home Appliances,Philips,S039
1026,P01026,Week Home Appliance,Home Appliances,GE,S067
1027,P01027,View Furnitur,Furniture,Ashley,S001
1028,P01028,Test Clothin,Clothing,H&M,S040
1029,P01029,Use Beaut,Beauty,Sephora,S098
1030,P01030,Heart Beaut,Beauty,Dove,S007
1031,P01031,Avoid Beaut,Beauty,Sephora,S084
1032,P01032,Standard Furnitur,Furniture,Herman Miller,S042
1033,P01033,Catch Beaut,Beauty,Sephora,S091
1034,P01034,Everybody Furnitur,Furniture,Ikea,S045
1035,P01035,Continue Clothin,Clothing,Adidas,S063
1036,P01036,Summer Electronic,Electronics,Apple,S032
1037,P01037,Daughter Furnitur,Furniture,Ikea,S017
1038,P01038,Maintain Beaut,Beauty,Dove,S021
1039,P01039,Measure Electronic,Electronics,Panasonic,S049
1040,P01040,New Furnitur,Furniture,Steelcase,S086
1041,P01041,Beautiful Furnitur,Furniture,Wayfair,S096
1042,P01042,Another Furnitur,Furniture,Ikea,S050
1043,P01043,Hotel Home Appliance,Home Appliances,KitchenAid,S080
1044,P01044,Call Beaut,Beauty,MAC,S029
1045,P01045,Respond Clothin,Clothing,Nike,S009
1046,P01046,Else Home Appliance,Home Appliances,GE,S081
1047,P01047,Catch Home Appliance,Home Appliances,KitchenAid,S018
1048,P01048,Like Beaut,Beauty,MAC,S021
1049,P01049,Land Clothin,Clothing,Uniqlo,S016
1050,P01050,Door Furnitur,Furniture,Herman Miller,S076
1051,P01051,Majority Beaut,Beauty,MAC,S086
1052,P01052,Firm Clothin,Clothing,Adidas,S077
1053,P01053,Threat Beaut,Beauty,L'Oreal,S078
1054,P01054,Growth Electronic,Electronics,Samsung,S039
1055,P01055,Cover Beaut,Beauty,Maybelline,S085
1056,P01056,Company Beaut,Beauty,L'Oreal,S025
1057,P01057,Region Beaut,Beauty,Sephora,S070
1058,P01058,It Beaut,Beauty,Dove,S075
1059,P01059,Relate Home Appliance,Home Appliances,GE,S034
1060,P01060,Take Furnitur,Furniture,Herman Miller,S009
1061,P01061,Sing Beaut,Beauty,L'Oreal,S032
1062,P01062,Current Beaut,Beauty,Dove,S024
1063,P01063,Laugh Furnitur,Furniture,Steelcase,S058
1064,P01064,Impact Clothin,Clothing,Nike,S018
1065,P01065,Clear Electronic,Electronics,Sony,S018
1066,P01066,Example Clothin,Clothing,H&M,S036
1067,P01067,Fact Electronic,Electronics,Apple,S075
1068,P01068,Finally Home Appliance,Home Appliances,Philips,S035
1069,P01069,Will Beaut,Beauty,Dove,S085
1070,P01070,According Home Appliance,Home Appliances,Philips,S004
1071,P01071,Note Electronic,Electronics,Panasonic,S042
1072,P01072,Able Beaut,Beauty,MAC,S040
1073,P01073,Million Furnitur,Furniture,Ikea,S069
1074,P01074,Five Home Appliance,Home Appliances,GE,S029
1075,P01075,Son Furnitur,Furniture,Ashley,S066
1076,P01076,Natural Clothin,Clothing,H&M,S056
1077,P01077,Responsibility Beaut,Beauty,L'Oreal,S033
1078,P01078,Whatever Home Appliance,Home Appliances,Philips,S013
1079,P01079,Fear Home Appliance,Home Appliances,Whirlpool,S022
1080,P01080,Learn Furnitur,Furniture,Herman Miller,S033
1081,P01081,Store Clothin,Clothing,H&M,S010
1082,P01082,Here Clothin,Clothing,Nike,S018
1083,P01083,Report Furnitur,Furniture,Ikea,S028
1084,P01084,Way Electronic,Electronics,LG,S071
1085,P01085,Role Beaut,Beauty,Sephora,S032
1086,P01086,Modern Beaut,Beauty,Dove,S003
1087,P01087,Argue Clothin,Clothing,Zara,S037
1088,P01088,Five Home Appliance,Home Appliances,Bosch,S001
1089,P01089,Exactly Home Appliance,Home Appliances,GE,S080
1090,P01090,Draw Furnitur,Furniture,Steelcase,S071
1091,P01091,Animal Home Appliance,Home Appliances,Philips,S027
1092,P01092,Attorney Clothin,Clothing,H&M,S008
1093,P01093,Up Home Appliance,Home Appliances,GE,S080
1094,P01094,Role Furnitur,Furniture,Wayfair,S091
1095,P01095,Final Clothin,Clothing,Adidas,S071
1096,P01096,Moment Electronic,Electronics,Apple,S035
1097,P01097,Sister Beaut,Beauty,Maybelline,S079
1098,P01098,Him Home Appliance,Home Appliances,GE,S007
1099,P01099,Place Electronic,Electronics,LG,S003
1100,P01100,To Clothin,Clothing,H&M,S038
1101,P01101,Head Home Appliance,Home Appliances,Philips,S015
1102,P01102,Draw Electronic,Electronics,LG,S015
1103,P01103,Audience Clothin,Clothing,Adidas,S041
1104,P01104,Almost Home Appliance,Home Appliances,GE,S041
1105,P01105,Result Clothin,Clothing,Uniqlo,S025
1106,P01106,Upon Electronic,Electronics,Sony,S056
1107,P01107,Course Furnitur,Furniture,Steelcase,S043
1108,P01108,Difference Beaut,Beauty,Sephora,S002
1109,P01109,Feeling Clothin,Clothing,Uniqlo,S030
1110,P01110,Budget Beaut,Beauty,Sephora,S004
1111,P01111,Wish Electronic,Electronics,Sony,S066
1112,P01112,Because Furnitur,Furniture,Wayfair,S088
1113,P01113,Single Furnitur,Furniture,Steelcase,S097
1114,P01114,Natural Beaut,Beauty,Sephora,S088
1115,P01115,Power Beaut,Beauty,MAC,S036
1116,P01116,They Electronic,Electronics,LG,S012
1117,P01117,Teacher Furnitur,Furniture,Herman Miller,S044
1118,P01118,Standard Furnitur,Furniture,Wayfair,S087
1119,P01119,Home Electronic,Electronics,LG,S054
1120,P01120,Tough Electronic,Electronics,Samsung,S001
1121,P01121,Entire Electronic,Electronics,Sony,S083
1122,P01122,Produce Beaut,Beauty,MAC,S056
1123,P01123,Almost Clothin,Clothing,Nike,S002
1124,P01124,Sound Home Appliance,Home Appliances,KitchenAid,S077
1125,P01125,School Electronic,Electronics,Panasonic,S083
1126,P01126,However Clothin,Clothing,Uniqlo,S016
1127,P01127,Hold Home Appliance,Home Appliances,Philips,S085
1128,P01128,Doctor Clothin,Clothing,H&M,S005
1129,P01129,Wind Clothin,Clothing,Nike,S040
1130,P01130,Must Electronic,Electronics,Sony,S020
1131,P01131,Peace Furnitur,Furniture,Herman Miller,S051
1132,P01132,Later Beaut,Beauty,MAC,S059
1133,P01133,Customer Furnitur,Furniture,Ashley,S022
1134,P01134,Accept Beaut,Beauty,Sephora,S008
1135,P01135,Cut Beaut,Beauty,MAC,S015
1136,P01136,Talk Beaut,Beauty,MAC,S051
1137,P01137,Various Clothin,Clothing,Adidas,S015
1138,P01138,Consider Clothin,Clothing,Zara,S023
1139,P01139,Seem Clothin,Clothing,H&M,S079
1140,P01140,Truth Home Appliance,Home Appliances,Whirlpool,S011
1141,P01141,House Electronic,Electronics,Apple,S032
1142,P01142,Suddenly Furnitur,Furniture,Ashley,S099
1143,P01143,Glass Furnitur,Furniture,Steelcase,S054
1144,P01144,That Clothin,Clothing,Zara,S091
1145,P01145,People Furnitur,Furniture,Ashley,S083
1146,P01146,Simple Furnitur,Furniture,Herman Miller,S059
1147,P01147,Hold Beaut,Beauty,L'Oreal,S095
1148,P01148,Begin Clothin,Clothing,Zara,S041
1149,P01149,Night Electronic,Electronics,Sony,S073
1150,P01150,Memory Beaut,Beauty,Maybelline,S051
1151,P01151,Common Furnitur,Furniture,Ikea,S018
1152,P01152,Along Home Appliance,Home Appliances,KitchenAid,S039
1153,P01153,Necessary Home Appliance,Home Appliances,Whirlpool,S009
1154,P01154,Author Furnitur,Furniture,Ikea,S052
1155,P01155,Shake Clothin,Clothing,H&M,S082
1156,P01156,Thank Electronic,Electronics,Apple,S061
1157,P01157,Position Home Appliance,Home Appliances,GE,S054
1158,P01158,Modern Clothin,Clothing,H&M,S003
1159,P01159,Camera Furnitur,Furniture,Steelcase,S092
1160,P01160,Recognize Furnitur,Furniture,Steelcase,S007
1161,P01161,Shoulder Furnitur,Furniture,Herman Miller,S010
1162,P01162,Specific Electronic,Electronics,Samsung,S039
1163,P01163,Happen Furnitur,Furniture,Ashley,S001
1164,P01164,Expert Electronic,Electronics,Apple,S097
1165,P01165,Together Clothin,Clothing,Nike,S038
1166,P01166,Marriage Furnitur,Furniture,Wayfair,S012
1167,P01167,Moment Home Appliance,Home Appliances,Whirlpool,S018
1168,P01168,Teach Beaut,Beauty,MAC,S030
1169,P01169,Class Clothin,Clothing,H&M,S051
1170,P01170,Coach Electronic,Electronics,Apple,S072
1171,P01171,Follow Home Appliance,Home Appliances,Whirlpool,S022
1172,P01172,Forget Furnitur,Furniture,Ashley,S013
1173,P01173,Change Furnitur,Furniture,Herman Miller,S008
1174,P01174,Ok Clothin,Clothing,Uniqlo,S056
1175,P01175,Despite Beaut,Beauty,MAC,S042
1176,P01176,Forward Beaut,Beauty,Maybelline,S043
1177,P01177,Dream Beaut,Beauty,Dove,S037
1178,P01178,Bill Beaut,Beauty,Maybelline,S069
1179,P01179,Make Beaut,Beauty,Dove,S097
1180,P01180,Physical Clothin,Clothing,Uniqlo,S100
1181,P01181,Total Home Appliance,Home Appliances,Philips,S016
1182,P01182,Sometimes Electronic,Electronics,Samsung,S085
1183,P01183,Soon Furnitur,Furniture,Wayfair,S025
1184,P01184,Nice Furnitur,Furniture,Herman Miller,S006
1185,P01185,Away Beaut,Beauty,Dove,S100
1186,P01186,Apply Furnitur,Furniture,Herman Miller,S045
1187,P01187,Live Clothin,Clothing,Nike,S070
1188,P01188,So Beaut,Beauty,L'Oreal,S045
1189,P01189,Different Clothin,Clothing,Adidas,S055
1190,P01190,Economy Beaut,Beauty,Maybelline,S099
1191,P01191,But Electronic,Electronics,Sony,S088
1192,P01192,Seat Beaut,Beauty,MAC,S038
1193,P01193,Point Home Appliance,Home Appliances,KitchenAid,S092
1194,P01194,Become Beaut,Beauty,Sephora,S038
1195,P01195,Individual Electronic,Electronics,Samsung,S051
1196,P01196,Discover Beaut,Beauty,L'Oreal,S061
1197,P01197,Newspaper Beaut,Beauty,Maybelline,S029
1198,P01198,Pretty Electronic,Electronics,Samsung,S061
1199,P01199,Send Clothin,Clothing,H&M,S007
1200,P01200,Important Clothin,Clothing,Uniqlo,S015
1201,P01201,On Clothin,Clothing,Zara,S071
1202,P01202,Positive Clothin,Clothing,Adidas,S083
1203,P01203,Play Furnitur,Furniture,Steelcase,S025
1204,P01204,Wind Electronic,Electronics,Samsung,S014
1205,P01205,Result Electronic,Electronics,Panasonic,S080
1206,P01206,Eat Beaut,Beauty,L'Oreal,S013
1207,P01207,Teacher Clothin,Clothing,Uniqlo,S036
1208,P01208,Learn Home Appliance,Home Appliances,KitchenAid,S061
1209,P01209,Especially Home Appliance,Home Appliances,Philips,S045
1210,P01210,Treatment Clothin,Clothing,Adidas,S094
1211,P01211,Election Clothin,Clothing,H&M,S004
1212,P01212,Quality Clothin,Clothing,H&M,S056
1213,P01213,Else Home Appliance,Home Appliances,Whirlpool,S038
1214,P01214,Drop Beaut,Beauty,Dove,S005
1215,P01215,Provide Furnitur,Furniture,Ikea,S074
1216,P01216,Increase Clothin,Clothing,Zara,S036
1217,P01217,Think Beaut,Beauty,Sephora,S094
1218,P01218,Eye Furnitur,Furniture,Steelcase,S001
1219,P01219,Artist Beaut,Beauty,Maybelline,S085
1220,P01220,Do Beaut,Beauty,Sephora,S060
1221,P01221,Bring Electronic,Electronics,LG,S048
1222,P01222,Easy Furnitur,Furniture,Ikea,S045
1223,P01223,Church Beaut,Beauty,Maybelline,S023
1224,P01224,Nor Clothin,Clothing,Uniqlo,S043
1225,P01225,Reveal Clothin,Clothing,Adidas,S012
1226,P01226,Box Furnitur,Furniture,Ashley,S034
1227,P01227,Stand Furnitur,Furniture,Herman Miller,S059
1228,P01228,Truth Clothin,Clothing,Uniqlo,S029
1229,P01229,Energy Furnitur,Furniture,Ashley,S064
1230,P01230,Nice Furnitur,Furniture,Herman Miller,S008
1231,P01231,Nation Beaut,Beauty,Dove,S056
1232,P01232,Coach Home Appliance,Home Appliances,Whirlpool,S029
1233,P01233,Nature Electronic,Electronics,LG,S067
1234,P01234,Then Home Appliance,Home Appliances,Whirlpool,S062
1235,P01235,Marriage Furnitur,Furniture,Herman Miller,S076
1236,P01236,Measure Electronic,Electronics,Sony,S051
1237,P01237,Respond Furnitur,Furniture,Steelcase,S016
1238,P01238,We Furnitur,Furniture,Steelcase,S065
1239,P01239,Ten Electronic,Electronics,Sony,S012
1240,P01240,Special Furnitur,Furniture,Ikea,S025
1241,P01241,Realize Clothin,Clothing,Nike,S094
1242,P01242,Carry Home Appliance,Home Appliances,GE,S097
1243,P01243,Write Furnitur,Furniture,Ashley,S018
1244,P01244,Rise Beaut,Beauty,L'Oreal,S062
1245,P01245,Science Clothin,Clothing,Adidas,S039
1246,P01246,Population Electronic,Electronics,Samsung,S064
1247,P01247,Seven Beaut,Beauty,L'Oreal,S075
1248,P01248,Pay Beaut,Beauty,Sephora,S071
1249,P01249,Financial Clothin,Clothing,H&M,S100
1250,P01250,Improve Electronic,Electronics,Samsung,S011
1251,P01251,Executive Furnitur,Furniture,Ashley,S049
1252,P01252,Arrive Clothin,Clothing,Adidas,S011
1253,P01253,Science Electronic,Electronics,Sony,S029
1254,P01254,Back Home Appliance,Home Appliances,GE,S086
1255,P01255,Site Furnitur,Furniture,Herman Miller,S055
1256,P01256,Concern Clothin,Clothing,Adidas,S094
1257,P01257,Easy Electronic,Electronics,Samsung,S027
1258,P01258,Goal Furnitur,Furniture,Ikea,S057
1259,P01259,Leg Furnitur,Furniture,Ashley,S031
1260,P01260,Easy Furnitur,Furniture,Wayfair,S012
1261,P01261,Huge Electronic,Electronics,Samsung,S025
1262,P01262,Agency Electronic,Electronics,Panasonic,S089
1263,P01263,Into Clothin,Clothing,Uniqlo,S038
1264,P01264,Member Home Appliance,Home Appliances,KitchenAid,S006
1265,P01265,Foreign Beaut,Beauty,Dove,S064
1266,P01266,Side Beaut,Beauty,L'Oreal,S022
1267,P01267,Poor Beaut,Beauty,Dove,S077
1268,P01268,Bring Electronic,Electronics,Samsung,S024
1269,P01269,Positive Electronic,Electronics,LG,S076
1270,P01270,Second Electronic,Electronics,Panasonic,S092
1271,P01271,City Home Appliance,Home Appliances,KitchenAid,S067
1272,P01272,Type Home Appliance,Home Appliances,KitchenAid,S025
1273,P01273,Result Beaut,Beauty,Dove,S073
1274,P01274,Despite Home Appliance,Home Appliances,GE,S073
1275,P01275,Staff Beaut,Beauty,Dove,S036
1276,P01276,Certain Clothin,Clothing,H&M,S063
1277,P01277,Child Clothin,Clothing,Adidas,S002
1278,P01278,Prove Furnitur,Furniture,Ashley,S050
1279,P01279,According Home Appliance,Home Appliances,KitchenAid,S083
1280,P01280,Just Clothin,Clothing,Nike,S040
1281,P01281,Because Beaut,Beauty,L'Oreal,S093
1282,P01282,Activity Beaut,Beauty,Dove,S098
1283,P01283,Check Beaut,Beauty,MAC,S019
1284,P01284,Make Furnitur,Furniture,Ikea,S009
1285,P01285,Guess Clothin,Clothing,Nike,S064
1286,P01286,Development Beaut,Beauty,Dove,S096
1287,P01287,Weight Clothin,Clothing,Nike,S009
1288,P01288,Receive Clothin,Clothing,Uniqlo,S096
1289,P01289,Upon Furnitur,Furniture,Wayfair,S070
1290,P01290,Five Furnitur,Furniture,Herman Miller,S009
1291,P01291,Source Home Appliance,Home Appliances,Bosch,S021
1292,P01292,Government Home Appliance,Home Appliances,Philips,S099
1293,P01293,Data Electronic,Electronics,Samsung,S100
1294,P01294,Bit Electronic,Electronics,Panasonic,S059
1295,P01295,If Beaut,Beauty,L'Oreal,S097
1296,P01296,High Home Appliance,Home Appliances,KitchenAid,S081
1297,P01297,Somebody Beaut,Beauty,MAC,S015
1298,P01298,Thing Clothin,Clothing,Adidas,S090
1299,P01299,Decade Electronic,Electronics,Samsung,S012
1300,P01300,Baby Furnitur,Furniture,Steelcase,S074
1301,P01301,Democrat Home Appliance,Home Appliances,Bosch,S096
1302,P01302,Any Clothin,Clothing,Nike,S007
1303,P01303,Campaign Beaut,Beauty,L'Oreal,S071
1304,P01304,After Clothin,Clothing,H&M,S080
1305,P01305,Half Beaut,Beauty,MAC,S013
1306,P01306,Action Beaut,Beauty,L'Oreal,S091
1307,P01307,Energy Home Appliance,Home Appliances,GE,S096
1308,P01308,Blood Clothin,Clothing,Nike,S098
1309,P01309,Probably Beaut,Beauty,Dove,S008
1310,P01310,Summer Electronic,Electronics,Sony,S083
1311,P01311,Home Furnitur,Furniture,Steelcase,S027
1312,P01312,Man Beaut,Beauty,Sephora,S065
1313,P01313,Local Beaut,Beauty,MAC,S091
1314,P01314,Special Electronic,Electronics,Samsung,S027
1315,P01315,Fund Furnitur,Furniture,Ikea,S090
1316,P01316,Fact Clothin,Clothing,H&M,S043
1317,P01317,World Electronic,Electronics,LG,S009
1318,P01318,Last Beaut,Beauty,MAC,S085
1319,P01319,Many Beaut,Beauty,MAC,S084
1320,P01320,Thought Clothin,Clothing,Uniqlo,S034
1321,P01321,Condition Furnitur,Furniture,Ikea,S044
1322,P01322,Finally Electronic,Electronics,Sony,S063
1323,P01323,Coach Clothin,Clothing,Nike,S035
1324,P01324,More Furnitur,Furniture,Ikea,S079
1325,P01325,Many Home Appliance,Home Appliances,Philips,S067
1326,P01326,Value Beaut,Beauty,Maybelline,S093
1327,P01327,Police Beaut,Beauty,Dove,S064
1328,P01328,Enough Home Appliance,Home Appliances,Philips,S063
1329,P01329,Yes Clothin,Clothing,Uniqlo,S030
1330,P01330,Remember Electronic,Electronics,Sony,S082
1331,P01331,Within Electronic,Electronics,Panasonic,S015
1332,P01332,Enough Furnitur,Furniture,Ashley,S059
1333,P01333,Letter Clothin,Clothing,Adidas,S005
1334,P01334,Meet Furnitur,Furniture,Herman Miller,S031
1335,P01335,Born Electronic,Electronics,LG,S055
1336,P01336,Development Clothin,Clothing,Uniqlo,S040
1337,P01337,Yeah Furnitur,Furniture,Herman Miller,S048
1338,P01338,Lot Clothin,Clothing,Adidas,S057
1339,P01339,Thousand Electronic,Electronics,Panasonic,S068
1340,P01340,Garden Electronic,Electronics,LG,S025
1341,P01341,Nothing Clothin,Clothing,H&M,S044
1342,P01342,Computer Furnitur,Furniture,Ikea,S010
1343,P01343,Produce Furnitur,Furniture,Ashley,S019
1344,P01344,Technology Electronic,Electronics,LG,S056
1345,P01345,Loss Furnitur,Furniture,Wayfair,S030
1346,P01346,Learn Electronic,Electronics,Sony,S026
1347,P01347,Form Beaut,Beauty,Maybelline,S037
1348,P01348,About Home Appliance,Home Appliances,GE,S050
1349,P01349,Admit Home Appliance,Home Appliances,Whirlpool,S003
1350,P01350,Majority Electronic,Electronics,Apple,S023
1351,P01351,Field Home Appliance,Home Appliances,Philips,S086
1352,P01352,Meeting Clothin,Clothing,Zara,S003
1353,P01353,Sound Home Appliance,Home Appliances,Philips,S009
1354,P01354,Usually Beaut,Beauty,Sephora,S010
1355,P01355,Color Furnitur,Furniture,Wayfair,S020
1356,P01356,Although Furnitur,Furniture,Steelcase,S061
1357,P01357,Up Beaut,Beauty,Dove,S043
1358,P01358,Compare Clothin,Clothing,Zara,S098
1359,P01359,Try Beaut,Beauty,Sephora,S006
1360,P01360,Deal Clothin,Clothing,Adidas,S002
1361,P01361,Just Furnitur,Furniture,Steelcase,S098
1362,P01362,Side Clothin,Clothing,Uniqlo,S060
1363,P01363,Some Beaut,Beauty,Sephora,S041
1364,P01364,Camera Beaut,Beauty,Maybelline,S028
1365,P01365,Call Electronic,Electronics,Samsung,S024
1366,P01366,Environmental Clothin,Clothing,H&M,S038
1367,P01367,Go Electronic,Electronics,LG,S013
1368,P01368,Hair Furnitur,Furniture,Wayfair,S041
1369,P01369,Meeting Electronic,Electronics,LG,S085
1370,P01370,Born Electronic,Electronics,Sony,S050
1371,P01371,Thus Furnitur,Furniture,Steelcase,S097
1372,P01372,Wrong Home Appliance,Home Appliances,Whirlpool,S069
1373,P01373,Look Beaut,Beauty,Maybelline,S099
1374,P01374,Guess Furnitur,Furniture,Herman Miller,S016
1375,P01375,Available Furnitur,Furniture,Wayfair,S049
1376,P01376,Address Home Appliance,Home Appliances,KitchenAid,S091
1377,P01377,They Electronic,Electronics,Panasonic,S039
1378,P01378,Case Clothin,Clothing,Nike,S075
1379,P01379,Ahead Beaut,Beauty,Sephora,S093
1380,P01380,Laugh Beaut,Beauty,MAC,S007
1381,P01381,Read Beaut,Beauty,Sephora,S020
1382,P01382,Level Beaut,Beauty,Dove,S084
1383,P01383,Music Electronic,Electronics,Apple,S088
1384,P01384,Down Electronic,Electronics,Sony,S086
1385,P01385,Above Home Appliance,Home Appliances,Whirlpool,S056
1386,P01386,Card Electronic,Electronics,Samsung,S038
1387,P01387,Eye Home Appliance,Home Appliances,Whirlpool,S022
1388,P01388,Important Home Appliance,Home Appliances,Philips,S025
1389,P01389,Turn Clothin,Clothing,Uniqlo,S041
1390,P01390,Lead Beaut,Beauty,Sephora,S086
1391,P01391,Difference Home Appliance,Home Appliances,Whirlpool,S033
1392,P01392,Lose Furnitur,Furniture,Wayfair,S025
1393,P01393,Choose Electronic,Electronics,Apple,S008
1394,P01394,Of Clothin,Clothing,Nike,S037
1395,P01395,Writer Furnitur,Furniture,Ikea,S022
1396,P01396,Fly Home Appliance,Home Appliances,GE,S016
1397,P01397,Require Beaut,Beauty,L'Oreal,S088
1398,P01398,Point Home Appliance,Home Appliances,Philips,S066
1399,P01399,Decision Home Appliance,Home Appliances,Bosch,S040
1400,P01400,Republican Home Appliance,Home Appliances,Whirlpool,S009
1401,P01401,Side Beaut,Beauty,Dove,S089
1402,P01402,Exactly Home Appliance,Home Appliances,GE,S048
1403,P01403,Election Beaut,Beauty,Dove,S040
1404,P01404,Responsibility Beaut,Beauty,Dove,S071
1405,P01405,On Furnitur,Furniture,Herman Miller,S076
1406,P01406,Common Beaut,Beauty,MAC,S100
1407,P01407,Few Home Appliance,Home Appliances,KitchenAid,S008
1408,P01408,Newspaper Clothin,Clothing,Uniqlo,S013
1409,P01409,Finally Electronic,Electronics,Apple,S090
1410,P01410,Society Beaut,Beauty,Dove,S063
1411,P01411,Perform Clothin,Clothing,Adidas,S079
1412,P01412,When Beaut,Beauty,Maybelline,S092
1413,P01413,Short Electronic,Electronics,Samsung,S077
1414,P01414,Some Clothin,Clothing,H&M,S100
1415,P01415,Mind Clothin,Clothing,H&M,S085
1416,P01416,Idea Clothin,Clothing,Zara,S076
1417,P01417,Lose Clothin,Clothing,H&M,S084
1418,P01418,System Home Appliance,Home Appliances,Philips,S011
1419,P01419,Child Electronic,Electronics,LG,S005
1420,P01420,Explain Furnitur,Furniture,Herman Miller,S090
1421,P01421,Skill Clothin,Clothing,Nike,S045
1422,P01422,Young Furnitur,Furniture,Wayfair,S017
1423,P01423,Beat Electronic,Electronics,LG,S027
1424,P01424,Court Home Appliance,Home Appliances,Whirlpool,S030
1425,P01425,Allow Furnitur,Furniture,Ikea,S021
1426,P01426,Successful Clothin,Clothing,Uniqlo,S043
1427,P01427,Everyone Home Appliance,Home Appliances,GE,S015
1428,P01428,Response Electronic,Electronics,Samsung,S040
1429,P01429,One Beaut,Beauty,Maybelline,S076
1430,P01430,Thought Beaut,Beauty,Maybelline,S035
1431,P01431,Brother Beaut,Beauty,Maybelline,S070
1432,P01432,Standard Electronic,Electronics,Sony,S100
1433,P01433,Employee Beaut,Beauty,Sephora,S028
1434,P01434,Call Furnitur,Furniture,Herman Miller,S036
1435,P01435,Take Clothin,Clothing,Adidas,S082
1436,P01436,Happen Furnitur,Furniture,Wayfair,S081
1437,P01437,Animal Clothin,Clothing,H&M,S066
1438,P01438,Talk Home Appliance,Home Appliances,Whirlpool,S015
1439,P01439,Side Furnitur,Furniture,Steelcase,S094
1440,P01440,Answer Clothin,Clothing,H&M,S074
1441,P01441,However Beaut,Beauty,Maybelline,S086
1442,P01442,See Home Appliance,Home Appliances,GE,S029
1443,P01443,Team Clothin,Clothing,Adidas,S021
1444,P01444,Up Home Appliance,Home Appliances,Bosch,S084
1445,P01445,Work Electronic,Electronics,Apple,S018
1446,P01446,Light Home Appliance,Home Appliances,Whirlpool,S077
1447,P01447,Light Electronic,Electronics,Sony,S036
1448,P01448,Citizen Home Appliance,Home Appliances,Bosch,S094
1449,P01449,Wall Beaut,Beauty,Maybelline,S038
1450,P01450,Chair Electronic,Electronics,Panasonic,S048
1451,P01451,Not Beaut,Beauty,Maybelline,S043
1452,P01452,Mouth Furnitur,Furniture,Ashley,S051
1453,P01453,Car Electronic,Electronics,Sony,S075
1454,P01454,Any Home Appliance,Home Appliances,GE,S033
1455,P01455,Foot Electronic,Electronics,Sony,S017
1456,P01456,Professor Clothin,Clothing,Nike,S046
1457,P01457,Administration Clothin,Clothing,H&M,S032
1458,P01458,Week Home Appliance,Home Appliances,GE,S051
1459,P01459,Purpose Electronic,Electronics,LG,S071
1460,P01460,Industry Clothin,Clothing,Adidas,S076
1461,P01461,Finally Clothin,Clothing,Zara,S038
1462,P01462,Usually Electronic,Electronics,Apple,S040
1463,P01463,Direction Home Appliance,Home Appliances,Whirlpool,S056
1464,P01464,Nation Home Appliance,Home Appliances,GE,S061
1465,P01465,Half Beaut,Beauty,Dove,S065
1466,P01466,Moment Furnitur,Furniture,Steelcase,S089
1467,P01467,Manager Beaut,Beauty,Sephora,S009
1468,P01468,Safe Beaut,Beauty,Sephora,S028
1469,P01469,Buy Beaut,Beauty,Sephora,S068
1470,P01470,Adult Beaut,Beauty,Sephora,S084
1471,P01471,Simply Furnitur,Furniture,Ikea,S019
1472,P01472,It Electronic,Electronics,Sony,S091
1473,P01473,Theory Beaut,Beauty,L'Oreal,S084
1474,P01474,Walk Clothin,Clothing,Nike,S092
1475,P01475,Especially Electronic,Electronics,Sony,S047
1476,P01476,Entire Beaut,Beauty,Sephora,S065
1477,P01477,Training Beaut,Beauty,L'Oreal,S051
1478,P01478,Economic Clothin,Clothing,H&M,S098
1479,P01479,Instead Home Appliance,Home Appliances,Philips,S098
1480,P01480,Have Furnitur,Furniture,Steelcase,S040
1481,P01481,Summer Home Appliance,Home Appliances,KitchenAid,S008
1482,P01482,Cost Electronic,Electronics,LG,S099
1483,P01483,Product Home Appliance,Home Appliances,GE,S021
1484,P01484,Attack Home Appliance,Home Appliances,Philips,S073
1485,P01485,Agent Clothin,Clothing,Uniqlo,S037
1486,P01486,Establish Home Appliance,Home Appliances,GE,S085
1487,P01487,Thank Clothin,Clothing,Nike,S027
1488,P01488,Class Clothin,Clothing,Uniqlo,S060
1489,P01489,Lead Furnitur,Furniture,Ashley,S001
1490,P01490,Staff Furnitur,Furniture,Steelcase,S065
1491,P01491,Star Furnitur,Furniture,Ashley,S003
1492,P01492,Should Home Appliance,Home Appliances,Bosch,S023
1493,P01493,Court Clothin,Clothing,Uniqlo,S016
1494,P01494,Hotel Beaut,Beauty,MAC,S048
1495,P01495,Back Home Appliance,Home Appliances,GE,S048
1496,P01496,Fact Beaut,Beauty,Sephora,S006
1497,P01497,Election Home Appliance,Home Appliances,Bosch,S029
1498,P01498,Discuss Clothin,Clothing,Adidas,S008
1499,P01499,Plant Clothin,Clothing,Uniqlo,S066
1500,P01500,Help Electronic,Electronics,Panasonic,S070
